"","x","y"
"1",3.57497,0.973461
"2",8.56091,2.09701
"3",0.766985,5.91461
"4",10.178,4.5176
"5",4.87774,9.92021
"6",9.19181,10.2569
"7",6.11627,4.26082
"8",0.696531,3.95661
"9",2.37481,2.83693
"10",3.38794,3.01311
"11",2.14191,11.3192
"12",4.48944,1.69589
"13",9.01929,3.81865
"14",0.781221,1.09227
"15",9.04237,9.71066
"16",11.3437,3.86034
"17",5.31617,10.3668
"18",8.35286,3.178
"19",7.58218,0.782066
"20",0.882332,10.0962
"21",2.98471,5.75591
"22",4.24897,8.49642
"23",4.58075,4.89341
"24",1.81285,11.2711
"25",4.15876,1.86964
"26",8.32552,4.31804
"27",6.473,4.00798
"28",1.8913,1.85114
"29",5.05741,8.60364
"30",7.85405,9.34733
"31",4.82769,0.839068
"32",5.92586,9.19119
"33",4.16172,6.89375
"34",10.2173,1.35805
"35",8.12218,8.94294
"36",4.49492,1.56171
"37",9.40263,3.08674
"38",6.9537,9.39738
"39",5.32596,5.07663
"40",9.9821,9.6605
"41",3.19169,11.1356
"42",1.42019,0.61406
"43",8.871,7.51828
"44",5.27181,5.16315
"45",1.97078,8.78567
"46",9.01561,1.22331
"47",8.08972,7.79035
"48",3.97072,1.01938
"49",1.80494,9.91381
"50",5.29554,6.18019
"51",2.12622,7.14386
"52",6.83848,2.2782
"53",7.82545,9.0281
"54",4.63129,4.7007
"55",9.84158,9.5124
"56",0.98996,5.82442
"57",3.63386,9.53861
"58",6.02777,9.3252
"59",2.06133,11.0674
"60",1.88649,1.61102
"61",10.8811,3.8332
"62",6.2476,7.38849
"63",3.0441,4.37442
"64",5.97154,7.51333
"65",7.46576,8.22798
"66",8.08496,2.83069
"67",1.07348,11.1377
"68",6.52843,3.21315
"69",4.35519,1.8112
"70",9.55242,7.11838
"71",5.03161,7.80164
"72",5.64867,5.44138
"73",11.2672,6.24332
"74",4.72647,11.1162
"75",3.06297,8.83976
"76",4.27787,2.63186
"77",3.77921,8.62485
"78",6.33803,6.3881
"79",4.06086,6.86759
"80",0.600021,6.39163
"81",4.93998,11.3743
"82",4.07801,2.80688
"83",3.97262,11.165
"84",4.67184,10.9369
"85",2.63214,3.12282
"86",5.42648,4.91056
"87",3.95667,3.74488
"88",10.2065,8.10378
"89",0.789538,10.1977
"90",8.86805,6.67374
"91",9.14303,4.90559
"92",9.93189,8.45622
"93",7.97025,11.0988
"94",10.2813,1.01631
"95",7.75368,0.807233
"96",10.3717,11.087
"97",1.41219,9.907
"98",11.2554,6.37176
"99",1.04758,9.19427
"100",7.99194,11.3635
"101",5.9642,9.96258
"102",4.89167,9.21707
"103",2.38703,1.03064
"104",2.60456,10.0499
"105",3.40867,10.9812
"106",1.88683,6.53445
"107",10.2687,9.1742
"108",10.8751,10.5383
"109",4.31299,9.30212
"110",5.83723,0.961877
"111",5.55557,5.54661
"112",5.72988,2.76771
"113",7.07771,11.1679
"114",3.91629,8.33123
"115",9.05565,11.0758
"116",5.41942,1.4954
"117",4.61369,4.44767
"118",7.40113,5.04061
"119",1.67147,8.66159
"120",1.59686,4.08898
"121",4.13358,7.26373
"122",0.57886,7.13357
"123",10.1202,8.31135
"124",10.0885,4.83061
"125",6.49263,4.67797
"126",6.07132,10.9564
"127",3.91279,10.174
"128",8.85552,10.0918
"129",6.50754,2.25917
"130",6.87558,9.58199
"131",3.23738,11.2837
"132",0.694389,3.7873
"133",0.842717,8.75071
"134",0.779462,3.49963
"135",10.2527,8.14472
"136",11.0372,6.09887
"137",4.76026,3.08102
"138",4.89847,0.807541
"139",11.3451,3.72429
"140",2.76205,6.33806
"141",6.16754,2.26505
"142",4.60612,11.2761
"143",7.5004,4.64908
"144",1.77777,10.9276
"145",9.3119,2.94825
"146",2.96438,8.75424
"147",6.34875,8.33523
"148",9.47445,7.19358
"149",1.66111,0.627608
"150",2.73694,2.77436
"151",10.3652,2.84601
"152",7.94097,11.1611
"153",2.9595,6.19259
"154",3.02945,10.4082
"155",11.217,0.677174
"156",3.97471,0.78076
"157",8.2928,2.23603
"158",3.54181,1.70393
"159",8.60362,0.890453
"160",0.693182,7.93556
"161",11.3697,9.55499
"162",8.22662,9.76121
"163",10.3243,11.1198
"164",6.86013,10.2513
"165",7.25567,1.98425
"166",2.39706,1.12721
"167",2.58671,4.15381
"168",11.1938,11.1962
"169",1.79342,2.04019
"170",8.78649,9.89842
"171",3.81009,2.80804
"172",6.17999,0.707541
"173",0.643358,4.90234
"174",10.0366,9.31004
"175",7.6086,8.49543
"176",6.59173,3.25334
"177",6.57006,6.60103
"178",7.64425,5.20385
"179",6.69415,5.11117
"180",1.76761,8.47237
"181",8.65088,10.854
"182",3.46613,0.846161
"183",1.81834,8.61327
"184",7.83385,8.20014
"185",10.3701,2.68668
"186",3.71495,3.57604
"187",3.88294,7.387
"188",8.19119,3.49662
"189",5.99335,7.71898
"190",3.72936,9.74767
"191",9.94464,0.8083
"192",8.85512,8.66717
"193",6.88465,9.14927
"194",5.12295,6.80618
"195",3.0847,4.1568
"196",9.07973,2.97181
"197",3.2825,11.1467
"198",1.13383,8.0068
"199",11.3614,8.26559
"200",2.49102,11.2479
"201",8.8118,5.07681
"202",8.38656,5.42289
"203",10.2552,11.1939
"204",4.94488,7.774
"205",11.0156,9.1628
"206",10.9928,2.58686
"207",10.1085,7.30006
"208",3.35134,0.840987
"209",4.05012,0.857087
"210",4.0544,4.85668
"211",10.0652,1.05057
"212",3.79495,3.85172
"213",7.4055,4.0555
"214",8.0021,3.12006
"215",11.3616,11.0895
"216",1.92762,5.76705
"217",1.69054,3.74105
"218",7.89931,10.0309
"219",4.62801,9.35843
"220",3.81773,2.65007
"221",2.03072,4.82527
"222",1.71702,9.85577
"223",6.31005,6.20607
"224",2.15284,7.15913
"225",1.0884,11.2063
"226",2.75018,3.81863
"227",3.78209,11.038
"228",1.88018,5.12764
"229",11.1842,7.31343
"230",4.44543,3.60119
"231",3.63813,0.714567
"232",7.83971,10.49
"233",2.72594,1.04252
"234",1.61175,6.13806
"235",3.78615,5.17431
"236",1.40608,0.894993
"237",7.04147,11.3385
"238",0.646649,2.32847
"239",7.04484,8.19132
"240",8.72747,1.13203
"241",5.71242,7.27556
"242",4.98757,10.1343
"243",10.3099,5.46445
"244",9.88576,11.1727
"245",6.879,3.28836
"246",5.59793,2.55058
"247",2.07725,11.0609
"248",6.15017,11.3713
"249",11.3636,5.21576
"250",6.96058,3.03003
"251",7.98401,9.34518
"252",10.0238,8.33334
"253",0.809508,3.34969
"254",10.1022,10.5445
"255",10.2617,4.7207
"256",7.97982,5.02154
"257",9.08266,9.58594
"258",6.6991,10.1099
"259",9.63398,1.98103
"260",7.16719,0.902373
"261",8.13596,10.5679
"262",1.664,8.63555
"263",10.9826,9.68578
"264",4.56755,4.66062
"265",3.97322,0.975389
"266",8.70047,9.15801
"267",9.16435,8.27296
"268",8.0814,3.56175
"269",5.46258,9.27504
"270",2.84146,7.90138
"271",8.90457,11.1245
"272",0.549763,9.829
"273",5.54359,5.44169
"274",3.10874,2.05634
"275",10.6816,9.47367
"276",7.10473,10.3919
"277",2.79141,4.35584
"278",2.49918,9.04844
"279",3.15039,5.71552
"280",0.662044,8.87441
"281",6.92262,9.37905
"282",8.32673,2.14176
"283",8.86254,5.66729
"284",8.66563,1.13121
"285",2.63123,10.0901
"286",4.13854,10.0661
"287",2.43422,3.94646
"288",9.61248,0.789409
"289",0.796623,7.38475
"290",5.84501,9.01457
"291",9.76203,6.59385
"292",11.0055,6.41821
"293",6.3864,5.48553
"294",6.70328,9.50566
"295",7.35213,1.9262
"296",5.32676,2.72154
"297",7.73694,0.874852
"298",3.39401,7.66457
"299",2.25724,2.0878
"300",6.90907,2.97436
"301",9.17157,7.79629
"302",10.8672,2.72872
"303",6.99137,8.21594
"304",11.2634,5.34691
"305",11.3003,2.32099
"306",9.1905,10.4355
"307",0.825663,6.71502
"308",0.938734,10.0265
"309",1.79063,3.94894
"310",4.96498,8.1971
"311",4.06885,5.99536
"312",8.59916,7.23508
"313",2.16499,1.15306
"314",9.07506,1.96741
"315",10.3813,4.46697
"316",7.12482,4.00113
"317",6.42324,5.41054
"318",9.15684,11.1612
"319",0.73513,4.87151
"320",0.732395,11.0216
"321",9.69043,7.06088
"322",4.44215,5.73658
"323",9.69415,5.51424
"324",0.883603,4.63418
"325",4.39603,4.753
"326",11.0916,8.27948
"327",11.4879,8.4665
"328",3.20968,1.42576
"329",9.75389,10.9326
"330",3.59762,4.92737
"331",7.5578,0.797048
"332",6.97184,11.3124
"333",6.19329,10.5821
"334",4.98235,8.01425
"335",0.843517,6.73943
"336",0.759649,9.20817
"337",3.13795,7.53863
"338",3.04195,7.74367
"339",9.14866,7.78992
"340",7.66157,5.01204
"341",5.81692,9.21959
"342",1.70358,9.95885
"343",3.03742,3.20785
"344",8.82171,6.30853
"345",1.56743,8.47049
"346",5.34572,0.869076
"347",11.2109,11.1637
"348",9.45353,5.77138
"349",2.27158,7.35094
"350",10.5268,3.22542
"351",11.2294,7.22977
"352",8.49042,1.44465
"353",4.89119,8.32641
"354",10.2854,5.64398
"355",2.66182,2.27097
"356",1.08278,3.81605
"357",3.16286,6.52141
"358",7.43621,2.07135
"359",11.1903,5.93848
"360",6.93963,3.64262
"361",4.00351,8.28249
"362",10.265,3.75078
"363",6.43295,5.96378
"364",9.94931,2.87696
"365",2.9966,8.86426
"366",8.35271,5.76975
"367",3.70568,10.4995
"368",5.49071,1.55769
"369",7.09781,7.21516
"370",2.67441,6.86958
"371",11.4376,2.7467
"372",2.0574,7.19868
"373",7.45331,4.9376
"374",5.97628,9.26829
"375",0.886167,4.853
"376",11.2371,3.36358
"377",6.24217,0.705926
"378",6.96616,7.24591
"379",7.88187,3.69831
"380",10.3834,2.66135
"381",1.77288,1.87826
"382",5.62658,1.67056
"383",9.93586,0.723427
"384",10.9982,9.61115
"385",6.77625,4.95583
"386",1.40302,9.66535
"387",6.75381,7.02524
"388",1.57165,2.9063
"389",0.712047,6.70098
"390",0.681475,2.09399
"391",11.1092,5.2048
"392",6.53833,8.45368
"393",8.04645,8.13333
"394",6.32843,6.37874
"395",7.94694,10.6331
"396",10.1724,10.3721
"397",2.63224,1.04293
"398",2.887,10.0931
"399",2.60941,9.91542
"400",1.72823,6.27955
"401",2.7268,9.03906
"402",6.99532,9.55368
"403",2.27695,4.75096
"404",0.832073,4.60826
"405",0.595667,4.87251
"406",9.99879,7.03191
"407",8.45103,5.59846
"408",5.66063,2.75264
"409",0.708521,10.1793
"410",10.0683,10.3522
"411",3.94415,10.4847
"412",5.21596,9.97614
"413",0.985491,8.08
"414",4.18391,2.00647
"415",2.78016,9.86893
"416",3.74492,10.4893
"417",9.76658,6.5993
"418",0.808358,0.564858
"419",0.864032,10.311
"420",3.96227,8.23415
"421",10.7607,6.17794
"422",4.1154,10.3248
"423",6.56999,0.868033
"424",8.30196,2.17361
"425",2.89311,6.64864
"426",8.33621,4.93458
"427",9.20296,2.35848
"428",6.05289,7.3332
"429",11.2352,1.85388
"430",5.67929,3.71612
"431",7.34136,11.1479
"432",7.84654,2.79105
"433",6.72115,8.07092
"434",10.1114,5.65781
"435",6.16172,6.35206
"436",4.30125,2.90368
"437",1.76869,10.8546
"438",6.0171,11.4584
"439",4.25841,3.94006
"440",5.6416,10.059
"441",2.94486,8.73045
"442",0.719128,3.14438
"443",2.55847,10.0208
"444",8.05242,3.06653
"445",10.2542,1.02538
"446",3.77198,8.11348
"447",7.61651,1.72222
"448",10.4382,0.664052
"449",10.0326,1.22483
"450",6.35594,5.25657
"451",2.00746,6.59398
"452",3.35411,11.1752
"453",8.11958,10.1044
"454",2.3374,0.8471
"455",4.53606,10.1503
"456",7.52936,5.9429
"457",6.74914,3.18146
"458",4.07454,7.03403
"459",8.66953,0.729333
"460",3.9511,3.97088
"461",10.1756,10.1325
"462",0.625507,5.05868
"463",7.44702,1.06009
"464",9.12147,8.29455
"465",4.65961,4.84431
"466",0.619451,5.57016
"467",8.08846,6.84126
"468",10.2871,2.59397
"469",7.65666,9.07004
"470",5.68684,7.66476
"471",4.45373,9.52393
"472",1.75522,8.44948
"473",11.2653,0.901191
"474",8.11916,0.553114
"475",6.14129,10.8774
"476",3.10287,6.48106
"477",2.86727,6.53114
"478",3.24985,5.094
"479",9.09315,3.35145
"480",3.65961,3.60234
"481",7.93042,0.880082
"482",9.80836,11.1052
"483",11.3619,10.9547
"484",6.83945,7.49294
"485",8.28096,8.09602
"486",2.06299,6.85727
"487",6.73225,2.81938
"488",7.58644,4.04286
"489",11.0231,2.69576
"490",3.35945,11.122
"491",6.79223,0.585264
"492",5.35679,2.46353
"493",9.1221,7.68489
"494",7.26611,3.95987
"495",7.6219,0.808384
"496",8.3071,2.35466
"497",2.34441,0.824027
"498",1.73819,5.96739
"499",0.977852,10.9171
"500",7.65746,4.89545
"501",6.48931,6.30095
"502",9.83078,10.4318
"503",10.4313,1.25844
"504",8.39651,6.78903
"505",7.6209,6.47566
"506",2.1231,5.02458
"507",4.40418,3.21981
"508",3.2182,11.446
"509",6.0666,1.8773
"510",4.17849,0.834149
"511",6.63255,4.17248
"512",3.07087,4.63898
"513",10.1951,3.69135
"514",9.61733,3.20653
"515",5.15983,8.22447
"516",7.78928,8.95635
"517",8.2786,8.314
"518",4.30214,5.60731
"519",9.1406,3.294
"520",9.13449,2.98627
"521",9.85583,3.74865
"522",4.41865,9.20591
"523",4.98198,8.27406
"524",2.5711,5.95075
"525",5.63166,4.10642
"526",5.80773,4.24239
"527",5.17794,3.30079
"528",0.66751,1.97175
"529",4.06055,7.10647
"530",11.2399,8.14525
"531",6.53916,8.20908
"532",1.76773,6.27574
"533",11.3809,4.95819
"534",5.3845,10.3098
"535",6.49203,10.2881
"536",10.1346,2.04338
"537",5.85582,11.295
"538",7.00812,10.2648
"539",6.99993,7.42331
"540",8.54019,2.26218
"541",5.41113,1.76081
"542",5.46386,2.4336
"543",9.04954,8.151
"544",3.48525,1.93418
"545",1.39836,3.81849
"546",10.2838,4.34549
"547",8.56358,10.924
"548",1.15506,7.36642
"549",6.12672,9.05255
"550",10.7695,9.19074
"551",7.41989,5.71959
"552",0.739513,5.05329
"553",10.067,7.57554
"554",4.84679,11.2875
"555",3.47052,10.1069
"556",9.78353,7.02021
"557",8.56857,5.70042
"558",5.73365,3.65291
"559",3.01275,6.77775
"560",6.95783,10.5248
"561",7.90037,10.3929
"562",5.55654,9.98873
"563",4.68468,4.73804
"564",6.38991,6.30416
"565",4.47731,2.09054
"566",1.86695,5.07646
"567",4.46708,2.89248
"568",7.85481,6.80853
"569",9.69359,9.53024
"570",3.37138,4.74034
"571",4.3114,7.39177
"572",8.68672,4.40655
"573",8.56639,4.29896
"574",3.55557,9.79418
"575",0.888609,8.95217
"576",4.82337,11.2993
"577",6.86182,7.38972
"578",0.780454,8.93556
"579",0.534951,1.72245
"580",0.699899,6.85976
"581",11.1162,1.12554
"582",8.24825,4.3966
"583",8.28095,4.21492
"584",0.86003,11.2607
"585",1.13753,11.3095
"586",4.95993,8.30227
"587",1.60881,1.02056
"588",3.14133,7.34795
"589",1.73854,5.33638
"590",5.52192,7.56694
"591",9.51086,2.32418
"592",5.43963,8.99951
"593",11.1705,8.2316
"594",8.82287,1.16538
"595",8.95983,9.15229
"596",4.96056,8.24725
"597",3.24558,11.2242
"598",2.0666,5.1808
"599",9.99349,3.50657
"600",1.95915,8.34407
"601",5.21287,0.653276
"602",11.3577,9.79117
"603",8.21658,4.15479
"604",9.29476,7.70167
"605",3.12146,4.56305
"606",0.808614,11.3677
"607",7.26372,11.3436
"608",11.141,9.71299
"609",1.70648,10.4451
"610",2.9189,2.84718
"611",2.23842,7.1539
"612",9.36556,7.91011
"613",1.05934,2.98325
"614",4.3686,1.70809
"615",6.65026,8.07876
"616",0.945236,5.10061
"617",2.66544,8.79785
"618",8.7505,6.99825
"619",8.30888,4.55246
"620",8.55846,2.17827
"621",4.79421,11.1255
"622",4.58308,11.0182
"623",9.36907,10.2649
"624",11.4177,11.2628
"625",4.05845,6.99103
"626",7.73546,3.25017
"627",7.34503,6.06771
"628",11.1444,1.87968
"629",4.23399,2.82746
"630",9.97283,9.37792
"631",5.16303,1.7279
"632",1.33721,9.61274
"633",7.01525,7.2114
"634",11.211,3.74771
"635",8.92943,6.78023
"636",10.1854,0.937858
"637",9.4069,3.83856
"638",4.14625,8.39304
"639",1.68292,9.67191
"640",5.58506,5.35677
"641",0.762777,6.59973
"642",6.37173,5.92981
"643",6.2056,10.9615
"644",3.08596,8.76737
"645",7.94167,8.45334
"646",7.77047,10.1575
"647",11.2865,7.27002
"648",6.82591,3.19124
"649",6.40791,3.24295
"650",5.37775,6.44312
"651",8.54323,5.77325
"652",1.98923,3.90802
"653",6.90753,5.37774
"654",7.45133,1.77376
"655",10.7876,2.53321
"656",1.70882,6.55232
"657",3.45064,5.31721
"658",3.23099,7.53674
"659",11.2359,9.65053
"660",2.06576,7.35508
"661",1.82944,1.86775
"662",10.0941,2.50569
"663",6.48523,0.773855
"664",5.40766,6.54855
"665",6.92138,11.1109
"666",10.1964,5.59899
"667",11.0914,9.10088
"668",7.74847,7.2006
"669",2.61024,0.797093
"670",5.12976,6.17637
"671",0.729056,2.0021
"672",1.62524,6.18739
"673",6.49828,2.75268
"674",2.02952,11.1984
"675",1.67949,4.2696
"676",10.0475,4.721
"677",11.4038,1.89887
"678",1.16235,11.2477
"679",1.20891,0.950154
"680",2.71246,8.76365
"681",4.5728,1.7689
"682",2.09424,11.065
"683",4.16864,6.09964
"684",9.70085,6.8912
"685",10.2189,11.08
"686",10.1386,11.2072
"687",3.01164,8.84844
"688",2.70895,3.15097
"689",9.28261,2.14338
"690",6.38692,6.17618
"691",10.1356,3.7845
"692",0.781685,3.60704
"693",7.77764,11.098
"694",7.95925,9.93253
"695",11.427,7.19929
"696",5.36325,3.75557
"697",2.09168,8.25136
"698",11.2706,8.09529
"699",2.1026,7.26039
"700",1.85924,4.92223
"701",3.08481,1.91585
"702",4.44723,3.21297
"703",11.2261,6.31983
"704",4.17776,8.14641
"705",6.31931,11.2023
"706",2.19876,3.8238
"707",11.1435,10.6443
"708",4.26957,5.77079
"709",9.95543,11.3466
"710",11.0772,6.3406
"711",9.94615,0.713263
"712",3.89808,8.54433
"713",4.01975,4.41231
"714",0.730767,5.43103
"715",6.77416,5.11355
"716",2.8964,2.99264
"717",4.72982,11.3203
"718",11.3387,6.13511
"719",11.2246,4.70886
"720",5.18625,5.60843
"721",10.1118,5.57556
"722",10.0852,8.14093
"723",6.86906,11.2904
"724",6.60262,7.8772
"725",9.27959,4.72043
"726",5.42242,9.36511
"727",2.75852,0.522239
"728",7.53573,4.60681
"729",9.84771,10.1127
"730",1.69096,2.71257
"731",4.06513,6.20393
"732",4.12315,7.06065
"733",11.2305,5.35663
"734",8.22077,2.27996
"735",2.01262,3.34153
"736",5.49845,3.62993
"737",5.67656,10.4504
"738",10.9436,9.43474
"739",11.3728,7.16899
"740",9.92212,2.12163
"741",8.62107,6.90255
"742",9.04657,11.049
"743",8.63558,6.70747
"744",6.36434,0.936848
"745",3.89364,0.80449
"746",8.93525,9.80026
"747",10.2688,9.25229
"748",4.68011,4.18526
"749",11.2629,4.14831
"750",10.9805,5.29736
"751",6.53338,2.93265
"752",2.1436,2.9995
"753",0.784884,1.72052
"754",3.06205,1.70627
"755",6.14624,10.9841
"756",0.693949,3.90457
"757",2.32717,5.58329
"758",0.880481,8.06105
"759",8.38135,5.72908
"760",11.1248,1.2032
"761",9.96003,9.23674
"762",6.57056,6.72876
"763",3.74676,0.689811
"764",7.84224,7.00792
"765",10.3098,8.22925
"766",11.3875,3.59492
"767",7.2461,4.22301
"768",4.90769,9.57607
"769",4.12504,4.92507
"770",10.1881,11.2123
"771",9.95475,8.34211
"772",11.1418,7.26881
"773",10.175,4.49183
"774",4.30451,0.840944
"775",11.3859,1.82999
"776",1.80285,8.26954
"777",1.03686,6.80095
"778",0.632981,9.78583
"779",7.67993,2.14432
"780",10.1334,0.627912
"781",5.09733,8.12124
"782",4.33095,6.11783
"783",0.68594,5.10761
"784",0.961494,4.79943
"785",8.81497,9.10675
"786",1.34744,8.48844
"787",11.0066,7.20333
"788",5.91776,9.03228
"789",11.0345,3.87132
"790",1.58943,2.55393
"791",8.60219,5.55488
"792",4.00946,10.4262
"793",9.894,6.57006
"794",5.86918,7.39761
"795",5.40208,3.95338
"796",2.48239,8.73117
"797",8.43999,10.3942
"798",8.21689,10.1872
"799",4.10672,7.00739
"800",9.34373,2.11014
"801",6.91487,9.37398
"802",1.67669,2.95782
"803",8.60991,11.3495
"804",11.3338,10.8362
"805",10.9697,5.25738
"806",5.72782,1.73112
"807",10.2216,4.545
"808",1.9104,2.78484
"809",4.07564,10.1199
"810",8.14117,0.789924
"811",2.01526,4.88452
"812",1.17093,0.873291
"813",7.87155,3.8447
"814",9.25706,9.17951
"815",1.32914,9.80074
"816",7.52487,6.19495
"817",0.977587,10.3782
"818",11.2139,3.69615
"819",4.15082,8.21904
"820",7.25158,2.03503
"821",8.75091,0.856608
"822",2.98188,5.50982
"823",6.09501,3.8839
"824",2.06282,0.834025
"825",7.05334,10.4402
"826",5.07106,3.78577
"827",7.79482,6.76074
"828",8.15617,3.3
"829",7.84691,0.859716
"830",10.2735,0.977463
"831",5.27792,0.776437
"832",10.0114,11.3918
"833",3.4153,9.20114
"834",6.30841,6.43886
"835",8.34056,4.3097
"836",11.0814,6.93304
"837",1.09038,9.14802
"838",5.53423,4.94208
"839",5.28658,5.15268
"840",0.836176,7.05867
"841",7.7814,7.74603
"842",6.97441,9.24664
"843",4.35204,9.46708
"844",8.82814,6.82075
"845",11.1558,11.1435
"846",7.25568,2.01034
"847",3.76706,0.846723
"848",9.47715,0.76766
"849",2.86942,4.513
"850",11.2489,11.3717
"851",1.87896,9.71271
"852",1.72809,9.87049
"853",4.27974,6.02934
"854",9.78561,5.90079
"855",7.97591,3.31033
"856",10.865,6.22198
"857",9.12465,6.53741
"858",3.08507,1.87723
"859",2.03694,7.50239
"860",9.70975,5.79763
"861",5.77852,1.40173
"862",7.81503,5.52084
"863",6.96938,9.44645
"864",10.3388,1.41038
"865",8.24079,10.2268
"866",6.6457,3.03119
"867",6.11486,1.84186
"868",9.45538,8.22048
"869",9.29709,3.12539
"870",9.24543,3.35035
"871",6.94609,3.96879
"872",4.92709,3.21428
"873",10.9798,5.0958
"874",5.32354,10.5099
"875",0.634809,9.25808
"876",5.52108,7.49177
"877",1.16131,1.02446
"878",8.97363,9.03796
"879",2.68727,3.08031
"880",8.78981,7.10253
"881",6.68584,5.19773
"882",7.30723,1.87039
"883",1.87286,6.36259
"884",1.66955,2.10622
"885",6.78179,3.00252
"886",2.99396,9.20293
"887",9.2571,1.95671
"888",7.38131,6.22761
"889",2.44315,1.07178
"890",9.90299,10.4243
"891",11.3672,0.913189
"892",4.74326,9.25552
"893",10.3978,4.72265
"894",11.2162,2.08734
"895",3.2962,1.72098
"896",7.39542,4.42028
"897",2.13457,2.97143
"898",7.45822,4.19691
"899",7.38454,6.45606
"900",9.27234,10.074
"901",11.3445,0.725003
"902",4.37289,2.58543
"903",8.53989,7.69726
"904",4.60289,4.7159
"905",3.1112,11.1522
"906",4.13504,11.3301
"907",0.814815,9.43203
"908",3.34185,11.3777
"909",2.62982,8.60317
"910",2.90441,5.79768
"911",0.786751,8.15056
"912",8.51338,5.53582
"913",7.10079,2.05295
"914",2.02082,11.3303
"915",3.49486,0.565312
"916",8.74868,9.22485
"917",10.2504,8.32848
"918",11.1832,1.53151
"919",2.06873,7.11176
"920",4.3335,5.62979
"921",4.77653,6.59279
"922",6.87268,7.13698
"923",1.25665,0.808858
"924",10.0985,11.2566
"925",11.2556,9.72153
"926",8.67987,9.34557
"927",7.96854,3.38931
"928",2.59319,7.65915
"929",2.62904,4.04135
"930",2.52239,9.0161
"931",10.8515,6.08344
"932",5.43962,6.78937
"933",4.55927,9.61172
"934",5.04194,7.78738
"935",8.20663,2.5196
"936",9.79595,5.82871
"937",6.71708,4.19333
"938",4.1738,8.30113
"939",0.883889,8.01997
"940",11.0517,4.76628
"941",10.114,10.2958
"942",9.25098,11.2802
"943",5.8621,10.9746
"944",7.82216,7.13751
"945",8.55611,2.22373
"946",4.17283,6.90753
"947",11.358,7.54282
"948",1.19606,7.33634
"949",6.18126,2.0369
"950",4.41625,9.31611
"951",4.13015,7.13394
"952",9.79269,2.08882
"953",6.39157,11.2005
"954",6.19902,6.1456
"955",1.89396,11.2573
"956",5.16188,8.51251
"957",10.1412,3.5421
"958",10.9129,9.76439
"959",11.0604,9.90366
"960",9.48381,7.55623
"961",7.38023,6.43081
"962",11.2466,10.8359
"963",4.44919,2.65816
"964",1.03872,2.57231
"965",4.65354,9.73627
"966",4.51032,1.85113
"967",9.70349,6.52459
"968",10.2039,11.1757
"969",1.22356,7.13853
"970",4.01754,8.22019
"971",3.63696,8.83451
"972",6.503,1.16401
"973",10.2938,8.17022
"974",11.2718,9.52217
"975",7.27288,11.035
"976",8.73216,5.63669
"977",10.2026,4.51629
"978",9.13138,4.91785
"979",7.12511,9.4933
"980",8.47412,4.3601
"981",11.089,7.36961
"982",10.9049,7.01787
"983",3.95314,6.21314
"984",6.89127,5.49623
"985",1.18309,3.47226
"986",9.7721,5.7519
"987",9.33506,8.32957
"988",1.43887,0.659639
"989",6.73228,2.90004
"990",11.3632,10.9035
"991",0.831711,6.04412
"992",4.94647,0.677957
"993",1.68461,8.72737
"994",5.50932,5.42851
"995",3.89582,3.65338
"996",2.59532,10.0058
"997",3.4691,1.71621
"998",3.56632,3.91776
"999",7.93032,8.08485
"1000",3.70517,3.45217
"1001",1.65681,3.95335
"1002",1.02671,11.2784
"1003",1.79241,5.32114
"1004",1.65391,6.11981
"1005",3.7847,5.10109
"1006",8.79832,1.08253
"1007",9.07477,1.06187
"1008",5.36863,6.60128
"1009",7.07061,9.39766
"1010",0.675018,8.65931
"1011",7.68185,0.748268
"1012",6.50199,1.33298
"1013",11.1644,5.41306
"1014",11.1411,8.42092
"1015",11.3822,3.67984
"1016",11.0606,5.89676
"1017",7.11624,7.46414
"1018",11.1896,2.40106
"1019",6.49558,0.794145
"1020",10.1998,2.39676
"1021",2.67983,1.95182
"1022",7.94885,6.67043
"1023",2.50966,1.16998
"1024",1.69531,6.18837
"1025",1.79939,6.15239
"1026",2.62622,9.92287
"1027",2.7835,10.0031
"1028",5.45191,3.98464
"1029",6.73736,7.8413
"1030",6.74384,5.14809
"1031",11.2322,9.15486
"1032",1.60953,4.66496
"1033",8.47584,2.32545
"1034",6.26208,2.14868
"1035",9.21688,2.75295
"1036",5.59314,3.95766
"1037",6.01016,8.19979
"1038",5.34519,2.75834
"1039",6.19421,4.96576
"1040",10.4126,4.62609
"1041",1.03573,9.12997
"1042",8.3414,4.19363
"1043",0.99355,1.012
"1044",2.90083,3.00889
"1045",7.88004,3.15385
"1046",1.99276,1.89178
"1047",1.31969,3.83511
"1048",10.0523,3.9289
"1049",5.62843,3.79135
"1050",0.712603,10.2392
"1051",8.85722,6.50785
"1052",11.2274,0.960019
"1053",4.39288,5.78466
"1054",11.2566,3.54998
"1055",5.73153,1.57842
"1056",9.05727,9.25667
"1057",0.848433,2.78125
"1058",8.48967,4.23607
"1059",0.659581,6.72381
"1060",11.4229,11.1257
"1061",9.37214,3.31863
"1062",0.659904,7.79729
"1063",3.07581,8.06876
"1064",3.92935,8.29625
"1065",10.9931,4.88417
"1066",9.9849,9.99323
"1067",11.3753,9.22238
"1068",6.77539,9.61261
"1069",9.99248,5.72695
"1070",0.753675,3.86644
"1071",2.75398,2.68358
"1072",4.25272,1.83243
"1073",6.33205,4.09548
"1074",4.19515,6.95
"1075",9.14524,1.11746
"1076",7.99012,7.8409
"1077",3.54154,9.63825
"1078",1.98107,1.73781
"1079",2.98872,4.5639
"1080",10.358,8.34625
"1081",4.69428,10.8416
"1082",3.81387,3.60037
"1083",10.2059,8.17217
"1084",4.00934,8.471
"1085",8.56396,2.61542
"1086",9.13273,4.50134
"1087",9.0421,11.0984
"1088",6.41452,2.19041
"1089",10.4284,2.69242
"1090",11.3273,0.883385
"1091",5.70781,7.28328
"1092",9.99724,9.36006
"1093",8.767,8.84012
"1094",8.00203,4.9668
"1095",6.48939,10.1668
"1096",6.51504,10.2402
"1097",3.74889,1.06282
"1098",9.50157,1.81475
"1099",5.28002,5.30702
"1100",3.195,1.92954
"1101",9.59755,0.658629
"1102",11.3699,8.09095
"1103",6.02528,8.9658
"1104",8.54035,1.27028
"1105",7.67585,6.10917
"1106",2.24474,10.2814
"1107",2.8506,5.20639
"1108",4.32423,7.03052
"1109",4.23336,7.0041
"1110",2.9018,6.62617
"1111",11.1916,7.51504
"1112",3.0284,4.62067
"1113",9.88111,3.52102
"1114",6.1695,7.13561
"1115",5.50552,1.60396
"1116",10.2301,7.38972
"1117",5.6754,10.3909
"1118",9.19868,7.91902
"1119",5.24277,6.91895
"1120",4.32283,1.81257
"1121",9.18801,0.897824
"1122",6.6746,9.3494
"1123",7.59181,1.8697
"1124",10.9535,2.49933
"1125",1.68031,4.14814
"1126",2.14414,5.06142
"1127",4.68316,3.36415
"1128",6.17233,11.4321
"1129",2.93442,7.55439
"1130",11.3824,4.67671
"1131",9.12799,11.4071
"1132",5.14617,3.56008
"1133",6.37757,2.95878
"1134",10.1542,3.48991
"1135",5.98399,9.02303
"1136",9.84161,6.69897
"1137",5.39391,3.92755
"1138",10.5099,4.61356
"1139",2.1239,3.06121
"1140",3.19274,1.04981
"1141",2.93747,5.84506
"1142",10.7802,9.36427
"1143",1.69197,1.83197
"1144",8.87511,6.5106
"1145",6.54016,5.35584
"1146",8.27226,10.1638
"1147",1.92304,11.2631
"1148",8.61137,9.08526
"1149",1.98251,7.36936
"1150",0.941366,3.81965
"1151",1.6492,8.54415
"1152",3.23961,7.70275
"1153",10.1686,10.0538
"1154",9.85538,1.99728
"1155",1.23884,6.95612
"1156",6.70419,0.992926
"1157",7.91856,8.27698
"1158",5.43636,2.66955
"1159",6.26235,1.51949
"1160",1.6822,2.21896
"1161",0.606161,10.033
"1162",5.48609,5.6593
"1163",5.25221,5.54714
"1164",0.55874,6.87029
"1165",9.16801,5.06438
"1166",7.69811,2.10902
"1167",0.996096,1.00497
"1168",8.4264,2.51148
"1169",11.4086,3.98739
"1170",5.28142,10.1666
"1171",0.877376,10.071
"1172",5.20061,8.54821
"1173",7.70316,9.31256
"1174",0.844126,5.65294
"1175",2.32779,3.15157
"1176",4.8406,7.81598
"1177",5.10849,11.2236
"1178",4.56856,11.2273
"1179",10.0626,0.942454
"1180",0.871841,8.98439
"1181",0.931144,9.08417
"1182",5.57378,10.0455
"1183",10.121,9.15062
"1184",2.86588,6.3659
"1185",4.61028,11.1479
"1186",3.54837,6.01021
"1187",7.92723,11.3241
"1188",5.31138,6.38007
"1189",8.82133,8.77897
"1190",7.04245,9.24138
"1191",6.94433,9.39199
"1192",4.00641,5.94467
"1193",3.93336,3.76185
"1194",6.50169,7.47103
"1195",1.78003,9.73205
"1196",5.54182,2.62472
"1197",2.17815,11.1918
"1198",6.88004,3.00265
"1199",9.6098,1.96288
"1200",4.6216,4.67663
"1201",10.5376,2.96105
"1202",5.65885,9.2681
"1203",3.25835,2.01194
"1204",10.9777,4.09973
"1205",1.7164,3.78917
"1206",9.02098,11.2663
"1207",11.288,8.34452
"1208",7.50384,0.679028
"1209",7.7681,0.746241
"1210",8.73776,6.62408
"1211",2.78809,2.26672
"1212",2.90824,6.66583
"1213",8.29881,5.75829
"1214",0.841123,4.80119
"1215",5.55775,1.35729
"1216",2.90056,10.2489
"1217",5.59436,10.2193
"1218",0.625772,3.25526
"1219",2.7329,9.81537
"1220",2.4532,0.788868
"1221",2.09336,10.7102
"1222",8.28029,7.94818
"1223",4.4955,2.0312
"1224",8.1522,8.5435
"1225",4.49922,5.58808
"1226",8.8318,11.2997
"1227",4.11165,7.15646
"1228",7.87316,10.3736
"1229",1.93312,4.9648
"1230",10.2186,3.50211
"1231",2.75531,4.66254
"1232",2.68474,5.59432
"1233",5.43752,6.51183
"1234",8.53066,5.42964
"1235",6.46438,0.816195
"1236",11.2166,9.1946
"1237",7.76163,7.10343
"1238",5.03436,6.19919
"1239",5.08468,6.31546
"1240",1.73029,4.36009
"1241",1.28718,0.779099
"1242",9.35373,2.03675
"1243",5.06761,8.9046
"1244",4.06695,8.24894
"1245",11.1392,6.2371
"1246",10.3219,5.58879
"1247",1.70713,2.6467
"1248",7.31583,11.2519
"1249",6.68148,6.53358
"1250",7.78708,6.98896
"1251",1.9001,8.3888
"1252",9.06557,4.73299
"1253",8.90063,8.91524
"1254",10.4476,4.6564
"1255",2.04877,5.08064
"1256",0.825337,10.3666
"1257",5.11895,0.576028
"1258",8.3714,4.22223
"1259",1.08326,9.05206
"1260",7.60612,5.52376
"1261",7.38968,1.81368
"1262",1.06239,1.33626
"1263",1.09165,8.12641
"1264",2.87062,7.72286
"1265",9.81266,5.79532
"1266",9.27472,11.4931
"1267",4.32237,9.2753
"1268",11.1572,10.7616
"1269",3.83003,8.13996
"1270",11.1906,6.97666
"1271",11.19,7.1011
"1272",5.38886,3.46643
"1273",0.817903,6.12038
"1274",1.67979,3.9414
"1275",2.2648,7.39591
"1276",11.0023,6.14185
"1277",5.57721,2.62187
"1278",11.2252,0.82794
"1279",3.51452,9.37824
"1280",10.2751,8.22955
"1281",9.81381,9.11398
"1282",3.02792,1.99277
"1283",11.1942,1.52182
"1284",1.60994,4.08681
"1285",7.11994,10.2895
"1286",7.73837,6.72103
"1287",4.2614,8.43165
"1288",4.19254,8.59847
"1289",4.61338,4.7077
"1290",4.8311,0.711294
"1291",9.34138,3.21106
"1292",4.64622,4.73986
"1293",10.1412,4.74075
"1294",4.36684,1.66291
"1295",4.6086,10.7515
"1296",3.71506,4.05984
"1297",7.83027,0.925713
"1298",7.97149,11.1559
"1299",1.65455,1.55248
"1300",5.81141,0.83106
"1301",5.82579,2.8109
"1302",8.66642,1.74724
"1303",6.00276,10.9115
"1304",1.57617,0.709376
"1305",10.1979,11.2054
"1306",11.2769,1.12347
"1307",3.64498,10.7755
"1308",3.58719,3.52818
"1309",4.94171,7.81373
"1310",10.0736,7.20668
"1311",11.2419,11.2418
"1312",1.89108,6.02607
"1313",6.35121,6.23451
"1314",9.12521,8.78421
"1315",6.10625,11.277
"1316",0.903292,3.3686
"1317",7.23317,0.914418
"1318",0.749428,9.73331
"1319",5.52665,5.19465
"1320",11.0143,9.33217
"1321",6.92108,9.35621
"1322",7.45917,2.05834
"1323",0.875906,4.8268
"1324",3.53506,4.81322
"1325",11.501,2.74721
"1326",3.89291,10.4695
"1327",7.47393,5.02989
"1328",0.885069,6.64627
"1329",7.13937,9.44277
"1330",7.48557,4.51389
"1331",5.89675,2.57055
"1332",3.93774,10.2735
"1333",5.75026,3.82888
"1334",7.85914,2.88359
"1335",3.96051,8.2581
"1336",4.37163,10.2655
"1337",4.01935,6.91084
"1338",11.3986,1.01045
"1339",8.9559,3.40502
"1340",2.40237,0.813315
"1341",1.74874,5.78098
"1342",1.24787,2.59756
"1343",8.86638,11.3045
"1344",6.1698,9.06107
"1345",9.75495,6.87688
"1346",6.91021,10.4151
"1347",4.37082,2.11443
"1348",2.00416,5.03265
"1349",0.606745,1.60184
"1350",1.19929,11.2082
"1351",9.51191,7.81342
"1352",4.79469,11.0881
"1353",4.0916,7.14725
"1354",7.94705,8.54964
"1355",11.136,7.37838
"1356",5.54482,6.55977
"1357",11.2193,1.86253
"1358",11.1965,1.79335
"1359",11.1458,2.016
"1360",1.36701,11.2529
"1361",9.76287,6.87294
"1362",10.2387,11.1019
"1363",2.09266,7.31221
"1364",9.99493,5.55707
"1365",4.31164,6.18416
"1366",7.17938,6.12445
"1367",11.4132,6.97433
"1368",2.43465,3.02786
"1369",6.57222,3.4561
"1370",11.4024,10.8699
"1371",7.32913,6.14465
"1372",6.09641,3.73584
"1373",7.18654,10.5551
"1374",0.751772,7.01172
"1375",8.02285,10.1825
"1376",8.28705,10.2307
"1377",5.41988,10.4416
"1378",1.09087,0.85235
"1379",7.14388,1.75264
"1380",11.3826,0.793898
"1381",10.1455,4.73128
"1382",4.21634,2.44153
"1383",0.788839,9.51449
"1384",1.85954,11.3823
"1385",2.60242,4.01973
"1386",9.68477,1.93236
"1387",9.75092,6.55377
"1388",10.5339,8.52825
"1389",10.2677,4.45489
"1390",4.06029,6.04247
"1391",1.40568,0.641821
"1392",3.83969,3.8272
"1393",1.02184,11.3551
"1394",0.923891,11.4217
"1395",11.1983,2.74723
"1396",2.59243,9.97375
"1397",6.37188,4.96634
"1398",6.2404,5.36371
"1399",5.35983,5.65715
"1400",4.80706,4.39496
"1401",11.3178,3.63498
"1402",2.95595,7.85204
"1403",9.64862,0.670151
"1404",2.92715,5.13322
"1405",5.17761,6.82603
"1406",4.50063,1.65546
"1407",4.34136,1.86172
"1408",3.10085,7.66617
"1409",3.61586,3.55752
"1410",7.80316,9.08072
"1411",4.54477,6.5483
"1412",11.1593,4.27891
"1413",2.55564,2.20177
"1414",0.596311,3.24705
"1415",7.80076,7.23774
"1416",9.35719,1.96094
"1417",6.36179,8.1956
"1418",7.91093,7.06653
"1419",1.67269,2.62591
"1420",7.45351,1.77659
"1421",11.033,10.9643
"1422",5.54581,2.63078
"1423",3.08805,2.0923
"1424",11.171,1.65489
"1425",1.90157,1.76518
"1426",5.13748,8.55767
"1427",5.92386,9.10298
"1428",10.3398,1.27022
"1429",8.11596,9.0311
"1430",9.4868,2.9296
"1431",9.83084,9.66028
"1432",3.60374,9.43086
"1433",5.90093,9.45078
"1434",2.12938,11.1288
"1435",7.26996,8.13459
"1436",0.99623,11.1261
"1437",4.39108,1.82711
"1438",9.73058,7.17815
"1439",5.53522,1.60936
"1440",10.9939,6.17148
"1441",4.76738,2.98826
"1442",10.0365,5.20608
"1443",7.86762,8.12981
"1444",2.58895,6.46392
"1445",1.13867,11.2432
"1446",0.645565,8.00118
"1447",10.8845,8.43279
"1448",9.8871,0.702184
"1449",0.852629,8.13501
"1450",8.70089,4.92887
"1451",7.41388,3.92244
"1452",3.77093,5.26338
"1453",6.833,3.01385
"1454",1.61054,8.65811
"1455",4.67261,4.59732
"1456",5.80501,11.094
"1457",6.96329,9.30231
"1458",8.78151,5.66568
"1459",4.09591,10.1742
"1460",9.35209,5.04862
"1461",3.34711,7.66317
"1462",1.79495,3.94534
"1463",6.64048,5.37342
"1464",3.26786,1.50855
"1465",9.28317,7.66543
"1466",8.4623,1.31973
"1467",6.48565,6.22845
"1468",6.56071,8.53421
"1469",6.33409,6.24789
"1470",0.908411,4.58611
"1471",8.47215,5.41493
"1472",6.60485,1.03807
"1473",7.48726,11.1889
"1474",3.81384,8.3012
"1475",4.05641,6.97632
"1476",0.723385,5.68706
"1477",8.1248,0.5338
"1478",6.16889,10.9721
"1479",9.82242,11.0948
"1480",2.95113,4.79255
"1481",9.17473,2.79794
"1482",7.18698,10.2194
"1483",1.44226,3.9024
"1484",10.3883,4.36398
"1485",10.6852,9.18733
"1486",9.71885,7.07581
"1487",4.83138,11.3087
"1488",1.69112,1.11819
"1489",8.86046,9.09779
"1490",2.12805,5.02925
"1491",1.91786,8.4407
"1492",10.0849,0.979012
"1493",5.71374,5.35852
"1494",6.91878,3.22509
"1495",6.92235,3.28179
"1496",5.4227,6.5356
"1497",10.3369,2.58149
"1498",10.0168,4.72362
"1499",2.78808,8.65617
"1500",9.98266,11.2338
"1501",11.4401,7.13522
"1502",5.28458,3.8676
"1503",4.67833,11.2945
"1504",9.24652,4.79823
"1505",5.76774,10.5381
"1506",8.95023,11.0671
"1507",9.0951,11.0749
"1508",8.93275,11.1396
"1509",3.12414,1.87112
"1510",3.6935,0.831176
"1511",3.72729,0.560676
"1512",3.67187,0.967381
"1513",8.99023,4.78975
"1514",11.1174,3.81276
"1515",8.07683,3.43589
"1516",10.3782,0.844214
"1517",5.32057,0.561547
"1518",11.0821,11.0658
"1519",7.21346,2.06483
"1520",8.1667,8.46283
"1521",4.94129,3.23174
"1522",7.46632,4.56678
"1523",7.57376,4.13019
"1524",7.57302,4.07451
"1525",6.83165,7.2683
"1526",8.75854,9.40596
"1527",11.1291,8.39185
"1528",6.52994,0.705429
"1529",1.86463,6.30097
"1530",11.1786,0.841185
"1531",1.97747,1.75168
"1532",3.76519,3.75457
"1533",10.1427,8.14824
"1534",3.17096,7.44518
"1535",6.44679,2.05186
"1536",8.80413,5.25491
"1537",11.3109,8.24663
"1538",11.2332,8.21646
"1539",4.27015,6.89854
"1540",4.25241,6.88651
"1541",4.11517,7.04257
"1542",6.14125,1.79594
"1543",7.53424,1.61994
"1544",3.26724,7.7519
"1545",5.93919,10.9301
"1546",6.67334,0.853968
"1547",5.04777,11.2678
"1548",10.9707,3.96869
"1549",7.74938,0.716267
"1550",5.61918,1.36025
"1551",2.99726,10.2874
"1552",8.3213,8.1735
"1553",2.0547,4.88445
"1554",7.71256,7.04028
"1555",6.43398,8.09224
"1556",7.83612,7.16118
"1557",3.44113,9.37709
"1558",9.07957,8.62534
"1559",3.9088,10.5367
"1560",7.87381,2.98344
"1561",11.1607,7.40586
"1562",9.82387,5.09847
"1563",11.3413,10.8997
"1564",2.49187,3.99984
"1565",2.56247,10.0275
"1566",6.43909,5.18215
